{
  "ROLE ADMIN": [
    { "to": "", "name": "Account Details", "prefix": "/dashboard" },
    {
      "to": "/security",
      "name": "Account Security",
      "prefix": "/dashboard",
      "provider": ["Email"]
    },
    { "to": "/address", "name": "Address", "prefix": "/dashboard" },
    { "to": "/product", "name": "Products", "prefix": "/dashboard" },
    { "to": "/varient", "name": "Varient", "prefix": "/dashboard" },
    { "to": "/category", "name": "Categories", "prefix": "/dashboard" },
    { "to": "/brand", "name": "Brand", "prefix": "/dashboard" },
    { "to": "/users", "name": "Users", "prefix": "/dashboard" },
    { "to": "/merchant", "name": "Merchants", "prefix": "/dashboard" },
    { "to": "/orders", "name": "Orders", "prefix": "/dashboard" },
    { "to": "/review", "name": "Reviews", "prefix": "/dashboard" },
    { "to": "/wishlist", "name": "WishList", "prefix": "/dashboard" },
    { "to": "/support", "name": "Support" }
  ],
  "ROLE MERCHANT": [
    { "to": "", "name": "Account Details", "prefix": "/dashboard" },
    {
      "to": "/security",
      "name": "Account Security",
      "prefix": "/dashboard",
      "provider": ["Email"]
    },
    { "to": "/address", "name": "Address", "prefix": "/dashboard" },
    { "to": "/varient", "name": "Varient", "prefix": "/varient" },
    { "to": "/brand", "name": "Brand", "prefix": "/dashboard" },
    { "to": "/product", "name": "Products", "prefix": "/dashboard" },
    { "to": "/orders", "name": "Orders", "prefix": "/dashboard" },
    { "to": "/wishlist", "name": "WishList", "prefix": "/dashboard" },
    { "to": "/support", "name": "Support" }
  ],
  "ROLE MEMBER": [
    { "to": "", "name": "Account Details", "prefix": "/dashboard" },
    {
      "to": "/security",
      "name": "Account Security",
      "prefix": "/dashboard",
      "provider": ["Email"]
    },
    { "to": "/address", "name": "Address", "prefix": "/dashboard" },
    { "to": "/orders", "name": "Orders", "prefix": "/dashboard" },
    { "to": "/wishlist", "name": "WishList", "prefix": "/dashboard" },
    { "to": "/support", "name": "Support" }
  ]
}
